Email,Address,Avatar,Avg. Session Length,Time on App,Time on Website,Length of Membership,Yearly Amount Spent
dougj@live.com,"835 Frank Tunnel
Wrightmouth, MI 82180-9605",Violet,34.49726773,12.65565115,39.57766802,4.082620633,587.951054
tbmaddux@att.net,"4547 Archer Common
Diazchester, CA 06566-8576",DarkGreen,31.92627203,11.10946073,37.26895887,2.664034182,392.2049334
juliano@verizon.net,"24645 Valerie Unions Suite 582
Cobbborough, DC 99414-7564",Bisque,33.00091476,11.33027806,37.11059744,4.104543202,487.5475049
elmer@yahoo.com,"1414 David Throughway
Port Jason, OH 22070-1220",SaddleBrown,34.30555663,13.71751367,36.72128268,3.120178783,581.852344
drjlaw@yahoo.ca,"14023 Rodriguez Passage
Port Jacobville, PR 37242-1057",MediumAquaMarine,33.33067252,12.79518855,37.5366533,4.446308318,599.406092
redingtn@hotmail.com,"645 Martha Park Apt. 611
Jeffreychester, MN 67218-7250",FloralWhite,33.87103788,12.02692534,34.47687763,5.493507201,637.1024479
hager@sbcglobal.net,"68388 Reyes Lights Suite 692
Josephbury, WV 92213-0247",DarkSlateBlue,32.0215955,11.36634831,36.68377615,4.685017247,521.5721748
draper@optonline.net,"Unit 6538 Box 8980
DPO AP 09026-4941",Aqua,32.73914294,12.35195897,37.37335886,4.434273435,549.9041461
konit@sbcglobal.net,"860 Lee Key
West Debra, SD 97450-0495",Salmon,33.9877729,13.38623528,37.53449734,3.273433578,570.200409
johnbob@gmail.com,"PSC 2734, Box 5255
APO AA 98456-7482",Brown,31.93654862,11.81412829,37.14516822,3.202806072,427.1993849
manuals@icloud.com,"26104 Alexander Groves
Alexandriaport, WY 28244-9149",Tomato,33.99257277,13.33897545,37.22580613,2.482607771,492.6060127
ghaviv@mac.com,"Unit 2413 Box 0347
DPO AA 07580-2652",Tomato,33.87936082,11.584783,37.08792607,3.713209203,522.3374046
grossman@verizon.net,"6705 Miller Orchard Suite 186
Lake Shanestad, MO 75696-5051",RoyalBlue,29.53242897,10.9612984,37.42021558,4.046423164,408.6403511
boein@aol.com,"05302 Dunlap Ferry
New Stephaniehaven, MP 42268",Bisque,33.19033404,12.95922609,36.1446667,3.918541839,573.4158673
boftx@verizon.net,"7773 Powell Springs Suite 190
Samanthaland, ND 44358",DarkBlue,32.38797585,13.14872569,36.61995708,2.494543647,470.4527333
storerm@yahoo.com,"49558 Ramirez Road Suite 399
Phillipstad, OH 35641-3238",Peru,30.73772037,12.63660605,36.21376309,3.357846842,461.7807422
satishr@gmail.com,"6362 Wilson Mountain
Johnsonfurt, GA 15169",PowderBlue,32.1253869,11.73386169,34.89409275,3.136132716,457.8476959
lydia@aol.com,"8982 Burton Row
Wilsonton, PW 88606",OliveDrab,32.33889932,12.01319469,38.38513659,2.420806161,407.7045475
aprakash@hotmail.com,"64475 Andre Club Apt. 795
Port Dannytown, PW 63227",Cyan,32.18781205,14.71538754,38.24411459,1.516575581,452.3156755
nelson@mac.com,"544 Alexander Heights Suite 768
North Johnview, MT 57912",LightSeaGreen,32.61785606,13.98959256,37.1905038,4.06454855,605.0610388
jguyer@comcast.net,"84426 Julia Vista
North Teresa, KY 50756",PeachPuff,32.91278511,11.36549203,37.60779252,4.599937358,534.7057438
ebassi@icloud.com,"PSC 2490, Box 2120
APO AE 15445-2876",Black,33.50308726,12.8779837,37.44102134,1.55915194,419.9387748
melnik@icloud.com,"PSC 5723, Box 8159
APO AA 74738",Olive,31.53160448,13.37856278,38.73400629,2.245147787,436.5156057
birddog@hotmail.com,"USNS Cardenas
FPO AA 85439-9449",Silver,32.90325097,11.65757592,36.77260376,3.919302309,519.3409891
tkrotchko@sbcglobal.net,"019 Elliott Tunnel Suite 190
Nicholsbury, WV 60804-4440",Wheat,34.507551,12.8936695,37.63575588,5.705153971,700.9170916
sumdumass@msn.com,"9495 Mary Fall Apt. 777
Glassport, ND 17957-5596",Teal,33.02933195,11.76581265,37.73852495,2.721735992,423.1799917
tfinniga@hotmail.com,"657 Judith Crossroad
Hancockchester, VI 75658-5788",Linen,33.54123131,12.78389178,36.43064962,4.648199316,619.8956399
keutzer@optonline.net,"8522 Regina Port Suite 782
Port Kaitlin, TX 50501-7264",MediumSlateBlue,32.33598964,13.00781942,37.85177917,2.996364526,486.8389348
geekoid@icloud.com,"40000 Ann Port Suite 474
Youngberg, MS 03651",LemonChiffon,33.11020506,11.98204499,35.29308775,3.923488746,529.5376653
snunez@optonline.net,"9507 Robert Prairie Apt. 601
East Crystalview, SC 56814",DarkOrchid,33.10543794,11.96502,37.27781174,4.74257752,554.7220838
amcuri@aol.com,"0772 Michael Isle Suite 617
Meyerstown, WA 45449-6768",SeaGreen,33.24190043,12.30541781,36.16364817,3.062368145,497.5866713
miturria@aol.com,"739 David Isle Suite 818
Chandlertown, DC 34587",SteelBlue,33.4610563,10.86916381,35.62244242,3.471413452,447.6879065
johnh@att.net,"USCGC Gill
FPO AA 26496",DarkMagenta,32.17550124,13.38749211,35.69417499,4.343062915,588.7126055
intlprog@hotmail.com,"5277 Patel Brook
East Audrey, NJ 19075",DarkGoldenRod,32.72836,13.10450724,38.87804051,2.820097234,491.0732237
kosact@hotmail.com,"9135 Rodriguez Dam
Ramirezberg, MS 77223",DarkSeaGreen,32.82030995,11.63489325,35.36862633,4.124585297,507.4418323
ateniese@gmail.com,"24373 Mcgee Drive Apt. 990
New Mariahaven, NH 14470",Gainsboro,33.61603789,11.9363865,38.768641,3.649286158,521.8835732
scato@me.com,"997 Campbell Flat Suite 970
East Amanda, PW 22048",HotPink,31.72165236,11.7550237,36.76572236,1.847370423,347.7769266
devphil@sbcglobal.net,"7835 Rogers Roads
East Amberhaven, MI 70835-2286",LightSeaGreen,32.86532717,11.98441752,37.0443614,3.452388583,490.7386321
seano@verizon.net,"4589 Dan Fords
Beasleyburgh, ME 96590-8272",HoneyDew,32.74936818,9.954975969,37.38831487,4.650491269,478.1703341
satishr@aol.com,"1958 Robert Bridge Apt. 250
Malloryland, ID 03393-5336",WhiteSmoke,32.56723048,12.48901322,36.37147981,4.222436225,537.8461953
wortmanj@msn.com,"2977 Perez Row
Lake Jack, TN 45336-9436",GhostWhite,32.07054622,11.73310622,37.53429101,4.671275461,532.7517876
amaranth@me.com,"9801 Thomas Pike Suite 058
Brandishire, AK 88122-1314",DarkSlateBlue,33.01954799,10.63456132,37.49669015,4.646119977,501.8744303
hauma@verizon.net,"18372 Matthew Fork Suite 705
North Matthewmouth, KY 99737",Chocolate,33.79203908,12.50752537,37.14286198,4.214495086,591.1971782
eurohack@me.com,"69403 Hernandez Knolls
Marciashire, DE 36417-5667",HoneyDew,32.89398062,11.52987821,36.88808605,4.64325855,547.2443434
mccurley@sbcglobal.net,"USNV Fuller
FPO AE 32122-5711",Snow,32.04448613,13.41493474,36.11243501,2.258686387,448.2298292
pajas@yahoo.com,"448 Stewart Divide
New Ashleyfort, FM 84050",BurlyWood,34.55576799,12.17052542,39.13109673,3.663105491,549.8605905
bryanw@verizon.net,"70129 Darrell Spring
Thomasmouth, HI 39319-2739",Moccasin,34.56455771,13.14655143,37.33544589,3.876875177,593.915003
chrisj@comcast.net,"412 Jackson River
Kleinburgh, KS 52039-7404",BlueViolet,32.7267846,12.98851015,36.46200326,4.113226123,563.6728734
inico@mac.com,"546 Benjamin Lights Suite 421
Romerofurt, NC 43746-4501",MediumBlue,33.11721873,11.86412636,36.58272777,3.202531199,479.7319491
sblack@att.net,"4066 Gonzalez Dam Apt. 277
West Jessica, TN 36880",GreenYellow,31.66104982,11.39806419,36.5944567,3.198399272,416.3583536
cgcra@yahoo.ca,"11143 Park Squares
Samanthatown, UT 97073",SandyBrown,33.25633547,13.85806246,37.78026469,5.976768126,725.5848141
aprakash@verizon.net,"645 Elizabeth Pass
Williamview, MS 51544",MediumVioletRed,33.90022441,10.95679097,37.26687826,2.952668958,442.6672517
cparis@icloud.com,"861 Annette Stream Suite 771
North Miguel, CA 33824-1610",DarkBlue,34.18777483,10.32011626,37.4534051,2.094891706,384.6265716
dwsauder@comcast.net,"044 Riggs Expressway
Lake Stevenchester, AL 22283",SandyBrown,33.76206924,9.984514397,35.9334493,3.855471685,451.4574469
pizza@verizon.net,"PSC 4508, Box 7961
APO AA 55271-2375",DarkOliveGreen,34.39016366,12.64519514,38.46832111,2.87459691,522.4041413
gozer@gmail.com,"1867 Gregory Isle Suite 022
Port Tammy, LA 52305-9696",GreenYellow,33.9252966,11.58865542,35.25224202,3.392050489,483.673308
peterhoeg@mac.com,"2891 Martin Plain Suite 197
Melaniestad, NE 65650-8529",DarkSalmon,32.6882293,13.76153285,39.25293095,2.995761183,520.8987945
denton@hotmail.com,"9944 Trevor Expressway
Robinsonstad, OR 34630-1840",DarkSeaGreen,34.30187022,10.56829469,36.17312563,3.315224754,453.1695024
luebke@outlook.com,"264 Derek Dam Apt. 680
West Danielle, SD 91517-8611",DeepPink,32.84393022,11.83228622,36.81401056,3.471919137,496.6507081
dkrishna@comcast.net,"USNV Reese
FPO AA 73568-0730",Olive,33.75499473,12.06415663,37.27122169,3.970555628,547.3651406
epeeist@live.com,"7761 Hughes Curve Apt. 880
Rodriguezberg, MN 96206-5317",SkyBlue,33.87978429,12.4955916,38.05260975,4.639320332,616.851523
kostas@verizon.net,"12612 Johnson Skyway Suite 764
Jessicaville, CT 14968-6590",Magenta,33.07653561,9.607314688,36.49399255,5.081210092,507.212569
munge@icloud.com,"5379 Rhonda Prairie Apt. 696
Brownland, WA 87027",DarkTurquoise,32.22729914,13.72862718,37.99702801,4.802630631,613.5993234
barjam@yahoo.com,"716 Bush Greens Apt. 098
Trevorton, MA 17817-8000",Silver,32.78977262,11.67006592,37.40874848,3.414688423,483.1597208
sjava@verizon.net,"6861 Lopez Fork Apt. 114
South Jamiechester, DE 63993",SpringGreen,32.77260993,13.27631301,36.60077705,3.462298847,540.2634004
rcwil@outlook.com,"223 Love Trail Suite 831
Port Jeffrey, IN 46849",OliveDrab,34.37425805,15.12699429,37.15762409,5.377593584,765.5184619
meinkej@aol.com,"049 Matthew Terrace
Lake Matthew, MS 20210",Aqua,33.07871721,12.69578975,35.35844431,4.001786346,553.6015347
gumpish@sbcglobal.net,"65407 Warner Forges Suite 071
New Lori, AZ 30132-2395",OrangeRed,32.8052204,11.83547609,36.37506611,3.43959056,469.3108615
hutton@comcast.net,"PSC 3408, Box 3353
APO AE 05113-1257",LimeGreen,32.43075793,11.30623234,37.68040323,2.779520719,408.6201878
ingolfke@msn.com,"95967 Pitts Burgs
West Sarah, MH 27817-5147",SkyBlue,32.17909997,11.18753891,40.00518164,3.552649767,451.5756852
geekoid@hotmail.com,"89154 Jones Stream Suite 311
East Katie, NC 72742-1516",LightGreen,33.15417579,11.88749413,36.2650007,2.602287112,444.9665517
rcwil@yahoo.ca,"Unit 6174 Box 1949
DPO AP 27478",SandyBrown,34.33589584,12.22893471,36.15719115,4.694322274,595.8228367
danny@mac.com,"55436 Devon Plain
West Kendraberg, HI 18826-3623",Teal,32.38625186,10.67465347,38.00658318,3.401522345,418.1500811
elmer@optonline.net,"51920 Kent Junctions Apt. 352
Walkerport, NY 11257-6647",LightYellow,32.80869759,12.81711309,37.03153922,3.8515788,534.7771881
ghaviv@icloud.com,"10022 Wilson Orchard Suite 107
Harrisstad, MH 99272",MintCream,33.87974497,13.58780608,38.26035344,3.258112883,578.2416051
srour@sbcglobal.net,"606 Perez Drives
Maryside, CO 94387-5877",DimGray,32.04983939,12.23805735,38.73086174,3.120568915,478.7193569
uraeus@mac.com,"967 Andrew Spurs
Mathistown, CO 28230",Indigo,33.55520742,11.55182117,36.62883429,2.837943164,444.2859075
rsteiner@verizon.net,"PSC 9698, Box 5466
APO AE 75496-3580",LightSalmon,33.14207933,11.43337993,35.89243163,4.470282584,544.7798637
ntegrity@msn.com,"284 Jennifer Curve
Lake Hollyberg, IN 05228",GreenYellow,32.59718266,10.88956686,38.21257083,4.442054329,488.7860611
falcao@mac.com,"71299 Jessica Shoals
East Mark, IA 48085-1070",DeepSkyBlue,33.16713688,11.92884209,36.91463331,3.164943995,475.7590678
mhoffman@optonline.net,"873 Clay Flats Apt. 810
Lake Kyle, GU 48782",DarkGreen,31.51473786,12.59567131,39.60037647,3.751734552,489.812488
library@hotmail.com,"565 Duarte Keys Suite 293
Traceytown, IN 17797",LimeGreen,34.59402115,10.94725858,35.88399439,3.159754444,462.8976362
codex@outlook.com,"19018 Christopher Neck Apt. 963
Mcintoshchester, IA 66908-2456",DarkGoldenRod,33.50136982,13.89808199,37.05891282,4.130562809,596.4301726
bjoern@mac.com,"USCGC Thomas
FPO AP 43708-2468",Turquoise,32.40237102,10.87555955,37.78114256,1.914089924,338.3198626
heine@live.com,"5401 Holt Corner Apt. 195
Hannahstad, NC 86693-3595",LightGreen,34.65548568,10.3380727,36.15725594,4.396651901,533.5149353
seemant@live.com,"4568 Jeffrey Lane Apt. 512
South Jason, WV 78116-0966",LightSteelBlue,31.80930032,11.63466822,36.18253928,5.113319475,536.7718994
willg@me.com,"73469 Baker Forest Apt. 550
Allenbury, TX 63791",Cornsilk,33.8777793,12.51766629,37.15192066,2.669941624,487.379306
trygstad@gmail.com,"20711 Martin Harbors Apt. 582
New Justinborough, AK 40834-2664",LemonChiffon,34.44787144,10.60772387,36.81909551,3.366463743,473.7289665
tristan@mac.com,"7602 Scott Plaza Apt. 158
Lake Amberland, VI 10516-3276",DarkKhaki,31.95630056,12.8288934,36.95161668,4.571213024,547.1259317
trygstad@comcast.net,"16001 Wilkins Island Suite 852
Jonathanfort, AL 88541-7817",FireBrick,32.60558364,12.06881608,36.1050005,3.917451119,505.1133435
demmel@yahoo.ca,"5118 Madden Views Apt. 738
North Barryport, AS 28731-2270",LightSeaGreen,32.4914466,12.53035737,37.8752191,2.476139051,449.0703194
podmaster@msn.com,"USCGC Nicholson
FPO AE 43987-0470",SlateGray,33.61601855,13.5162843,36.77312349,4.125584363,611.0000251
bolow@yahoo.com,"4522 Paul Heights Suite 851
Adamsland, RI 08981",Crimson,33.47160053,11.66226343,36.05024078,3.997255378,515.8288149
peterhoeg@live.com,"21918 Gail Glens
Barbershire, SD 45790-8387",MidnightBlue,33.71065306,13.66474788,37.72438616,1.36267408,439.0747667
dowdy@hotmail.com,"3600 Amber Plains Suite 002
North Jamesburgh, VA 07917",DarkGoldenRod,32.1977238,11.83023109,36.6338567,4.193324636,514.0889577
moxfulder@msn.com,"71757 David Freeway Apt. 851
West Carriefurt, NC 27106-3364",DarkCyan,32.46121245,13.29114305,38.63362565,3.8710034,543.3401663
qmacro@mac.com,"79139 Boone Common
Stewartstad, DE 63633-1812",SteelBlue,33.79038721,11.94234087,38.06341359,4.081802695,521.1429518
rasca@yahoo.com,"USS Johnson
FPO AE 35617-5384",OldLace,34.18382052,13.34991294,37.82739423,4.252006106,614.7153338
morain@me.com,"USNS Mitchell
FPO AP 92946",MediumBlue,32.28866691,12.02011209,39.07440021,3.911708668,507.3900618
symbolic@comcast.net,"3794 Michael Forest Apt. 750
New Stephenberg, MD 61004-0181",Gray,33.82635201,12.08409173,35.89035796,3.021671822,495.2994425
mahbub@gmail.com,"88978 Noble Crest
North Rosemouth, FM 53484-6689",LightPink,32.49839307,13.41075918,35.99048895,3.184618662,518.064558
esasaki@live.com,"82227 Farmer Throughway Suite 266
Leeborough, WV 35324",BlanchedAlmond,31.8854063,11.28193107,37.38531755,2.877224878,390.103273
carroll@yahoo.com,"5791 Jessica Cove
Mckinneyborough, OK 64460-7536",Wheat,32.42569728,11.44890154,37.58019043,2.586967985,420.7376732
cgcra@icloud.com,"465 Kenneth Common Apt. 192
North Tracy, WI 36024-8978",Aqua,33.43782956,12.59542035,36.2620318,2.969640227,492.1050524
stewwy@outlook.com,"06939 Jones Neck
Mariaview, VT 87641",BlueViolet,31.38958548,10.99422392,38.07445242,3.428859904,410.0696111
smeier@me.com,"3132 Willie Harbor
Kaylafurt, FL 01107",CadetBlue,33.46869995,13.08550576,35.84582711,2.926940235,497.5136833
tubesteak@yahoo.com,"399 Jeremy Skyway Suite 377
North Keithville, IL 55074",PaleTurquoise,32.2917561,12.19047429,36.15246209,3.781823039,494.5518611
elflord@att.net,"66880 Mckinney Hills
Matthewchester, MH 88386",DimGray,32.06377462,10.71914974,37.71250864,3.004742536,378.3309069
muzzy@comcast.net,"0377 Reed Via Apt. 169
Alexandershire, MO 43498",Moccasin,33.1556997,12.93155027,38.16643556,3.854473856,570.4517259
techie@me.com,"39637 Griffin Plain Suite 691
New Deborahview, MP 73870-3773",Chartreuse,33.35687434,13.45212896,38.50300885,3.318822279,549.0082269
mirod@yahoo.ca,"931 Andrews Heights
South Shelley, NV 21850",Khaki,31.8530748,12.14937549,37.32533422,3.361814624,459.2851235
ismail@yahoo.com,"15810 Karl Plain
Davidville, TX 64072",MediumSpringGreen,32.01230077,12.17833133,37.71598618,3.722561173,492.9450531
pkplex@aol.com,"46079 Gonzalez Loaf
Williamside, PA 72265",LemonChiffon,32.38845163,11.01048213,38.41504158,3.54354705,424.7626355
snunez@yahoo.com,"3144 Jamie Rest
Maxwellville, NC 93749-1190",PeachPuff,32.65318146,11.60253219,37.30968877,2.789461516,422.4267759
wagnerch@mac.com,"08079 Thompson Village
North Lukeborough, AL 16825",Lime,32.93133644,12.73221159,35.60082055,5.485976734,642.1015787
chaki@yahoo.ca,"29282 Alexander Street
South Andrewmouth, MS 22041",Tomato,33.2356065,11.22336889,37.69230086,2.594189721,413.3717831
lpalmer@sbcglobal.net,"8830 Debra Loaf Apt. 341
Drakeville, ME 22340",SlateBlue,33.9257949,12.01102188,36.70105232,2.753424169,479.2310929
saridder@live.com,"18219 Jackson Well
Fosterton, MP 85302",Orange,33.05926409,11.7259101,35.9990993,5.004820577,593.0772413
mallanmba@hotmail.com,"572 Michelle Motorway Apt. 889
New Craig, ND 17250",Fuchsia,32.40173183,12.08930957,38.3099079,3.873337569,506.5473071
breegster@comcast.net,"PSC 0811, Box 7054
APO AA 91691",GoldenRod,33.88994101,13.06863858,37.54052036,3.798725319,571.3074949
crowemojo@live.com,"26737 Brooks Roads
Vincentstad, VA 93089",GreenYellow,34.56938122,12.85499037,35.00748226,3.292797663,576.3111774
gbacon@yahoo.ca,"662 Wells Stravenue Apt. 578
South Kristaview, DC 49423-2452",ForestGreen,33.7016052,11.56402237,37.67321037,4.716104987,576.8025474
pappp@aol.com,"0922 Gutierrez Loaf
Wattsbury, OH 96315",Moccasin,33.26833022,11.1133299,37.38794554,4.01872661,514.2395207
eimear@gmail.com,"38154 Davis Locks
Lake Stevenfort, KY 86814-9222",Indigo,31.35847719,12.80988347,36.54966799,3.63770128,495.1759504
mailarc@comcast.net,"7955 Samantha Walk Suite 230
North Luis, IL 44629",SlateBlue,33.01479222,11.76117233,37.57016384,3.834169667,514.3365583
crypt@aol.com,"32202 Curtis Branch Apt. 411
Port Brettmouth, KY 01192-0594",Cyan,31.57613197,12.57989417,37.09326487,4.531986607,541.226584
seebs@msn.com,"102 Karen Court
New Jameston, SC 57761-6570",MintCream,32.65726859,11.95792306,36.63465233,4.106055152,516.8315567
cgreuter@sbcglobal.net,"9759 Tammy Skyway Apt. 171
Lake Debra, AS 95011",Lime,34.7093233,10.65179378,37.14600653,3.218265385,468.4457372
netsfr@live.com,"PSC 6717, Box 7673
APO AE 66950-0088",Moccasin,34.53665918,12.75207661,36.71413784,3.283663455,548.2803202
gerlo@icloud.com,"581 Smith Prairie Suite 995
Andersontown, AS 58802",Green,32.77171501,11.54083244,37.52642103,2.924020725,431.6177338
chinthaka@yahoo.ca,"422 Rivers Springs Suite 221
North Barbara, WI 51990-7596",LightSkyBlue,33.70040046,11.92439492,37.24503247,3.905250309,552.9403455
bsikdar@gmail.com,"2859 Rodriguez Forks
Port Josephtown, OH 13591-3011",BlueViolet,32.43977025,12.42413041,38.94882503,4.920318406,573.3062223
michiel@icloud.com,"0537 Rice Village
West Kylieberg, NJ 19433-5090",Azure,34.312167,11.81058676,37.41413357,2.473596121,452.627255
thassine@me.com,"7182 Stephen Fork Suite 150
Port Laurachester, CO 99974-1961",LightGray,32.45517629,12.75916898,36.59911235,4.131276648,542.7115581
dieman@optonline.net,"459 Amy Burg
Lake Travis, OR 53314",DarkCyan,33.54097679,11.85189083,37.42454792,1.767730708,407.8040306
bdbrown@sbcglobal.net,"PSC 8159, Box 3254
APO AP 71071-4890",GreenYellow,33.35839828,12.70368793,36.10091445,2.724108202,482.3535703
nullchar@yahoo.com,"623 Erica Flat
Lake Josephland, MT 73514",Crimson,32.68612926,12.21525242,36.59436168,3.89711586,529.2300901
scato@mac.com,"9271 Christopher Prairie
Douglasshire, NM 18581",MediumOrchid,34.55829461,11.281445,36.49440648,2.491671541,433.0487691
jaesenj@msn.com,"88995 Edwards Row Suite 456
North Jo, DE 02062-7953",Sienna,33.54774794,10.73536292,37.45837473,3.863425442,476.1914133
giafly@me.com,"35970 Holly Key
Port Frank, VT 78059-9385",Aquamarine,31.95490386,10.96313178,37.32728269,3.5786339,439.9978799
bflong@yahoo.com,"93306 Donald Greens
New Christopherbury, SC 59447",FloralWhite,31.06621816,11.73509455,36.59937399,3.958892264,448.9332932
gommix@live.com,"43102 Russo View Suite 717
Hollyport, SC 15344",SlateBlue,31.85125313,12.41896198,35.97765171,3.25174177,472.9922467
burns@verizon.net,"973 Marc Ports
Brownstad, IN 48786-6700",Sienna,32.60928264,10.53730754,35.7305524,3.914384667,463.923513
graham@optonline.net,"978 Bean Square
Deanburgh, OR 95149",LimeGreen,32.11511907,11.9192424,39.29404346,1.443515075,350.0582002
djupedal@icloud.com,"27563 Vincent Lake
Allenchester, DC 22159",Teal,33.92462481,11.91141556,38.2747022,2.910037917,460.0612774
philen@yahoo.com,"979 Alison Motorway Apt. 676
North Frank, HI 55870-2651",WhiteSmoke,33.4771904,12.488067,36.51838359,3.345570976,505.7711403
chunzi@yahoo.ca,"969 William Manor
West Sherry, MA 66282-2258",Purple,32.11640012,12.38069498,37.23200331,3.089527782,463.4849954
kosact@hotmail.com,"555 Hunt Track Suite 307
South Kristi, PA 73709",SlateGray,32.2559012,10.48050683,37.33866962,4.514122441,479.7319376
bradl@gmail.com,"811 Maria Run
Sanchezville, MI 04953",LightPink,32.69239222,12.29651768,36.95155521,1.825884669,424.1854943
geeber@outlook.com,"3604 Richard Junctions Suite 448
Brownburgh, CO 64856-8238",LimeGreen,32.38473266,10.8616042,36.58443762,3.993656513,465.8893127
sagal@icloud.com,"170 Andrew Mews
North Susan, NM 85338-2426",DarkSlateBlue,34.33872939,10.71635514,38.30720401,2.652158305,426.775216
ranasta@me.com,"14220 Carla Flat Suite 521
Lake Matthew, DE 06183",DimGray,32.88710465,12.38718417,37.4311591,6.401228838,684.163431
hahiss@optonline.net,"8594 Erica Manors Apt. 529
Lake Miguel, MH 10652-9266",CornflowerBlue,32.51021799,10.98483589,37.39649748,5.391275125,555.8925954
pjacklam@outlook.com,"4291 Nichols Fork Apt. 562
Thomaschester, SC 08938-8769",DarkSlateGray,31.94539575,12.96576148,36.9663889,6.076653638,657.0199239
mleary@comcast.net,"748 Michael Plaza
West Billyside, UT 20799",MidnightBlue,36.13966249,12.05026723,36.95964319,3.864860739,595.8038189
cosimo@comcast.net,"672 Jesus Roads Apt. 443
Thompsonland, WY 69228",LightSkyBlue,32.44952156,13.45772494,37.23880567,2.941410754,503.9783791
oevans@msn.com,"0272 Jones Way
Lake Angela, MP 97003-5793",MediumBlue,32.29464155,12.44304789,37.32784804,5.084861309,586.1558702
slaff@sbcglobal.net,"USNV Johnson
FPO AP 19026",Wheat,34.60331112,12.20729849,33.91384725,6.922689335,744.2218671
fwiles@msn.com,"691 Johnson Field Apt. 510
Michaelville, VI 78140",SpringGreen,33.59852032,11.58631953,39.09462703,3.60439856,512.8253581
lstein@msn.com,"6218 Michael Station Apt. 982
Salazarburgh, NJ 79955",DarkRed,34.56868085,11.37808709,38.30447119,3.78493211,528.2238094
animats@optonline.net,"PSC 3676, Box 1549
APO AE 26130-7683",Orange,32.83810016,12.3643416,38.03910939,3.309182328,468.9135013
jdhedden@comcast.net,"94730 Martin Mount
New Matthew, VI 08142-6708",LightGray,33.50370518,12.39943608,35.01280603,0.968622116,357.5914394
ateniese@icloud.com,"5480 Vazquez Crossing Suite 825
East Christopherland, PA 42104",DarkViolet,33.30188161,12.54248105,38.3113649,3.768561963,536.4231045
fhirsch@msn.com,"USCGC Dodson
FPO AA 87781-3935",LimeGreen,30.87948434,13.28043224,36.93615938,3.585160635,490.2066
rattenbt@yahoo.com,"Unit 6678 Box 6628
DPO AP 44369",CadetBlue,33.15425476,11.79588668,37.65861691,4.520353377,550.0475806
yangyan@live.com,"75805 Larry Mills
East Cristian, MH 53820",DarkMagenta,32.04780098,12.71803917,37.66110668,3.6758488,513.4505712
karasik@live.com,"04311 Oconnor Park Apt. 415
Kelleystad, ND 63064-8935",ForestGreen,33.63080077,12.03964784,38.92408705,2.873007509,497.81193
johndo@mac.com,"770 Lewis Pike Apt. 869
Phelpsport, PA 93969-4887",LightSkyBlue,34.04663803,12.47445545,35.03785616,4.055775962,578.9862586
tjensen@msn.com,"86536 Barnes Track
South Kyle, MT 21570-5606",MediumAquaMarine,33.644177,13.16002004,36.40774745,3.015175299,506.5363931
feamster@mac.com,"586 Timothy Union Suite 592
East Joseph, MO 81374",Salmon,32.65462161,11.05232365,37.63300942,4.717102513,501.7492333
graham@optonline.net,"9287 Daniel Rest Apt. 608
Allentown, SD 73050",LavenderBlush,33.42874704,10.63676108,37.57883524,2.926396449,421.9667942
papathan@mac.com,"8667 Suzanne Motorway Suite 241
Spencechester, KY 74385-4618",Green,31.86483255,13.44340599,36.87831537,2.361086947,439.8912805
hachi@outlook.com,"374 Dana Junctions
Langside, WI 36474",SpringGreen,34.48238805,13.28303287,35.90729843,4.968742674,666.1255917
hager@hotmail.com,"9847 Michael Plaza Suite 837
Lake Christophershire, NV 87324-8427",Navy,32.52976873,11.7477317,36.93988205,0.80151572,298.7620079
karasik@me.com,"353 Jones Loaf Apt. 767
South Michaelburgh, PR 16281-4840",OliveDrab,33.4322314,10.85960853,38.83567008,3.669225611,465.1766233
dprice@verizon.net,"6058 Thomas Divide
Matthewland, PA 89442-8198",LightSalmon,33.30857162,11.69168613,37.48091198,1.715777167,373.8857237
kjetilk@att.net,"8032 Hodge Circle Apt. 255
Lake Jessicashire, OR 54914",RosyBrown,32.33263707,11.54876144,38.57651555,4.773503047,532.7174857
rupak@aol.com,"601 Ashley Loop Suite 162
Port Benjaminview, DE 02456",DeepPink,34.71345123,11.72400223,36.81385766,4.087837273,554.900783
dunstan@verizon.net,"16329 Sara Neck Apt. 463
Bryanside, TX 62329",Pink,32.635878,12.17857308,35.67425603,4.13175504,537.7731625
grothoff@aol.com,"449 Williamson Lakes Apt. 118
Travisville, AK 06848-0177",LightGreen,33.07570303,12.31984506,37.81915511,3.442799202,501.1002452
dkasak@optonline.net,"047 Carla Locks
Coreymouth, AR 98066",GreenYellow,32.23014912,11.08436084,37.95968432,4.72402744,517.1651356
josephw@outlook.com,"757 Amber Gateway Apt. 787
New Stephaniechester, OR 61576-6056",Sienna,34.14286337,13.17777453,38.85604171,3.230973843,557.5292736
khris@sbcglobal.net,"5183 Michael Ramp
East Lukeburgh, FL 93972",DarkKhaki,32.49719846,12.83280284,37.67924462,2.972271382,493.719193
panolex@comcast.net,"0127 Morgan Fields Apt. 080
Thompsonfurt, ME 01160-7043",LightGray,33.12239998,11.509048,37.25305774,3.182329732,452.1226251
wortmanj@me.com,"667 Stephanie Lake Apt. 658
Marthashire, NC 11815-2307",DarkRed,33.08852937,11.85766344,36.08693433,4.806349619,577.273455
sisyphus@live.com,"07867 Horn Lake
West Teresatown, VT 64387-1228",Aqua,32.53379686,12.29336584,37.0646212,3.620364988,485.9231305
meder@icloud.com,"55414 Ramirez Union Apt. 614
West Crystal, CA 03845-2631",Red,32.48426048,10.93325228,36.54550623,3.261324745,425.745092
dowdy@mac.com,"55479 Peters Field Apt. 702
North Micheleberg, PR 45063",Lavender,32.54345917,13.33283928,37.96439033,3.597459969,537.2150527
joehall@sbcglobal.net,"2491 Yates Crest Suite 316
Connieville, FL 92080-0819",DeepPink,32.28312306,10.90255623,36.09424195,4.789201624,524.6379646
delpino@yahoo.ca,"223 Powell Ridges
East Richardtown, RI 90715-2178",White,32.20079864,12.27698171,38.23260623,3.316464745,478.8853913
drolsky@icloud.com,"022 Taylor Mews Suite 692
Hallberg, NJ 53614",MediumSeaGreen,34.71331651,12.03880824,37.63529941,4.632460946,612.3852299
parents@live.com,"56674 Melanie Flats
Schneiderberg, IN 66532",MediumPurple,32.71251233,11.72447386,37.1531516,3.308443001,476.7667242
jmgomez@live.com,"1279 Douglas Mountains
Port Christopherberg, RI 32811-8325",LightGreen,33.69489765,11.2026699,35.49396408,4.01598664,505.1196375
bogjobber@me.com,"222 Jason Park
Dominguezshire, NC 98241",Tan,31.57020083,13.37806333,36.33780003,4.369366794,545.9454921
matthijs@msn.com,"6009 Heather Park
Howardhaven, SD 51705-2993",LawnGreen,33.45947685,11.38861262,37.90913872,2.566639844,434.0216998
bartak@aol.com,"19123 Craig Isle Apt. 719
Millsmouth, SC 94194",LightSkyBlue,31.8209982,10.77107406,37.27863979,3.519032434,424.675281
punkis@me.com,"16068 Kelly Parks
Wrightside, NH 21447",BurlyWood,32.73322416,11.81857176,37.10203133,1.503854421,352.5501082
nachbaur@msn.com,"89300 Amber Centers Apt. 879
Victoriaton, VT 98394",Peru,32.4071483,13.80879868,37.42676892,5.039955264,662.9610878
itstatus@gmail.com,"1576 Lane Shoal
Rogerton, PR 63867-3426",Thistle,33.50609228,11.65983284,37.28139283,4.478712608,560.5601606
fmtbebuck@live.com,"120 Micheal Fort Apt. 762
East Patrickbury, WY 65946",DarkMagenta,30.83643267,13.10010954,35.90772143,3.361612985,467.5019004
wbarker@gmail.com,"338 Graham Loaf Suite 236
East Toddton, FM 43566-4238",LemonChiffon,34.87849495,13.06789568,36.67822227,1.920715478,504.8704324
msloan@yahoo.ca,"2302 Joshua Park
Millerbury, WA 30239-8144",MediumVioletRed,34.00721197,12.49432293,36.04545942,4.330714462,590.5627196
chaki@msn.com,"70562 Gonzalez Stravenue
Elizabethland, WI 40700-9149",Teal,31.52575242,11.34003593,37.03951365,3.811248171,443.9656268
webteam@icloud.com,"7613 Miguel Knoll Suite 762
West Katherine, WV 19406",SlateGray,31.04722214,11.19966096,38.6887091,3.088763958,392.4973992
feamster@comcast.net,"981 David Square
New Jacquelinetown, AK 66018-4092",Turquoise,34.59577669,11.33248778,35.4598628,4.541695257,568.7175759
overbom@icloud.com,"297 Francis Valley
South Lindsey, NY 13669-5367",Gainsboro,34.96760989,13.9194944,37.95201319,5.066696864,712.3963268
jsbach@comcast.net,"Unit 4065 Box 2267
DPO AE 69180-7372",Orchid,32.29524763,11.03135834,38.25297827,3.107468683,413.2959992
rhavyn@yahoo.com,"988 Matthew Plaza
Lake Jacobshire, AL 37889",Yellow,33.32424052,11.08458409,36.77601658,4.746989703,562.0820454
dsugal@yahoo.com,"870 Dennis Throughway
Wilsonport, PW 12658",AntiqueWhite,32.90345433,10.54264542,35.5338635,3.09182687,412.0129313
stellaau@optonline.net,"50593 Wells Roads Apt. 110
South Amy, MI 06969-2026",AliceBlue,32.55949313,11.79779551,37.7773658,3.195625776,468.6684656
tezbo@sbcglobal.net,"15863 Harrington Glens Suite 012
Marystad, LA 50652-8210",Tomato,31.76561882,12.44261655,38.13171203,3.850279639,496.5540816
jandrese@optonline.net,"9580 Clark Trail Suite 687
Williamsside, FM 57367",PapayaWhip,34.0816462,12.10454243,36.05964598,3.97452248,548.5185293
leviathan@optonline.net,"1470 Kathleen Pass
South Christopherberg, SD 22850",MediumSeaGreen,33.30443129,12.37849022,38.76429717,3.843848921,536.1308969
luvirini@msn.com,"1995 Susan Locks Suite 760
East Cheryl, AR 37103-5176",BlueViolet,34.33075044,13.72245368,35.77311639,2.90900846,558.4272572
mkearl@sbcglobal.net,"20888 Erin Via
Grahamville, NH 72913-6101",Tomato,32.07894758,12.72590932,36.5446641,1.139093538,357.8637186
mrdvt@me.com,"03065 Henry Courts Suite 443
Derekstad, VT 88473",DarkSlateGray,33.605799,13.6851189,34.89198327,2.685284836,529.0566632
dgriffith@aol.com,"1416 Rachel Crescent
West Laurieside, IL 81119-7229",Gold,32.74515048,10.01258337,38.35495987,3.108911449,387.3570727
onestab@att.net,"20618 David Square
Gayland, HI 78719-9628",Moccasin,32.1223648,11.43553387,36.22355746,4.852842407,528.9336186
msroth@msn.com,"2781 Matthew Wells Apt. 569
Potterview, KS 50763-8282",MediumSeaGreen,32.53082944,12.35460708,37.12234521,2.307552421,420.9161595
chaffar@gmail.com,"13044 Woods Heights
Andreamouth, ND 52317-6007",LightGreen,31.73663569,10.74853366,35.73870747,4.835528667,496.9334463
psharpe@mac.com,"791 Allen Trafficway Suite 776
Christopherland, DC 41460",Orange,34.11756669,11.59187167,37.7436197,3.678589399,519.3729768
parkes@hotmail.com,"36192 Ho Spring
New Michael, RI 65851-6369",Cyan,33.63662446,11.23650676,37.67502073,5.254708926,591.4377356
library@yahoo.ca,"40494 Robert Park
Heatherside, IL 70364",SlateBlue,34.33486453,11.10945633,38.58585476,3.89289148,502.4097853
kramulous@msn.com,"446 Daniel Rest Suite 644
Port Matthewhaven, MN 89465",BlanchedAlmond,34.81498394,12.11494496,36.28872395,4.389455226,604.3348401
loscar@yahoo.com,"96393 Joshua Rapids
Jonesview, VA 58733",LavenderBlush,34.64266976,11.86648121,37.71777057,4.003325039,555.0683941
webdragon@yahoo.ca,"Unit 7032 Box 7016
DPO AE 44749-2992",Navy,32.83694077,10.25654903,36.14390846,0.789519908,256.6705823
nullchar@verizon.net,"4800 Ashley Spur Apt. 347
Dannyfort, GA 23352",MediumBlue,32.29964716,12.16859647,37.07361617,4.403369831,547.1109824
iamcal@hotmail.com,"13693 Cox Falls Apt. 693
Padillaview, PW 28998-0386",Moccasin,31.94801742,13.08535689,37.6056528,2.64859677,461.9208769
joglo@outlook.com,"40288 Stephens Corner Apt. 221
West Stephanie, OK 55617-4332",CadetBlue,32.7273192,13.01337563,36.65127792,2.367848224,458.3769107
ajohnson@optonline.net,"63872 Chavez Lodge
Danielton, NJ 85847",MediumTurquoise,33.94624062,10.98397673,37.95148946,3.050712973,436.2834981
munjal@yahoo.ca,"28942 Bradford Crescent
New Morganfurt, MD 77162-0478",DarkGreen,32.35147815,13.10515852,35.57484167,3.641497162,532.9352188
seemant@icloud.com,"1768 Rosales Ford Apt. 793
Lake Markbury, SC 31567",RoyalBlue,34.17375202,12.14474854,37.25803146,3.397363093,512.5525344
jonas@outlook.com,"496 Bush Turnpike Apt. 674
Donnabury, OR 32596-0079",DarkGoldenRod,32.97518183,13.90991551,37.79223754,4.297686524,630.4227632
krueger@yahoo.ca,"981 Matthew Valley Apt. 621
Lake Tracyburgh, NM 33288-1364",Thistle,32.00475302,11.39520943,37.33281446,3.803364999,463.7459811
isotopian@att.net,"2583 Mark Springs
Lake Robert, AL 40928",White,34.19705969,13.03356618,37.07679516,2.633419989,493.1802162
jrifkin@live.com,"04140 Cameron Brooks Apt. 724
South Laurenberg, HI 08562",MediumSpringGreen,33.17720467,11.62277717,35.96889569,3.634093727,501.2091727
mccurley@att.net,"2086 Lisa View
Ortegabury, MI 43544",WhiteSmoke,32.69323954,12.6007504,37.37011822,3.467014066,501.9282649
uncle@aol.com,"388 Kelly Pike
West Jeffery, DE 44039-7785",BurlyWood,31.62536013,13.18791099,37.06708997,1.494310895,376.3369008
jsbach@yahoo.ca,"USCGC Hernandez
FPO AE 53064",YellowGreen,31.26064687,13.26676035,36.9711951,2.267251114,421.3266313
inico@att.net,"91425 Roy Trail
Rivaston, NE 34949-2588",White,31.7207699,11.75234317,38.57360523,5.023934201,538.7749335
sisyphus@optonline.net,"16763 Melissa Creek Suite 367
North Keithland, PW 29458",Cyan,32.92261076,11.56811634,36.90937821,2.47175067,398.1634685
mrsam@gmail.com,"81814 Pratt Squares Suite 460
North Robert, GU 77741-1307",SlateBlue,32.68624509,12.63857212,36.09722093,4.297737482,571.4710341
satishr@me.com,"2380 Fisher Neck Suite 233
Brianland, AZ 34453-0625",LightSkyBlue,34.05094676,11.38864458,39.08156475,2.436958876,451.6286105
gfody@aol.com,"22630 Bell Centers Suite 030
North Danielport, FM 31756",DarkTurquoise,32.45455254,11.8229833,36.94612578,3.656983927,490.6004425
nweaver@outlook.com,"0030 Mathis Square Suite 154
South Jadehaven, AR 33997-4450",Gainsboro,31.28344748,12.72567737,35.96566746,5.000243361,591.7810894
mstrout@hotmail.com,"76778 Underwood Knoll
New Gregory, ID 57323",LightCyan,32.9800292,11.20115977,37.68933698,2.412830961,409.0704721
sabren@verizon.net,"61629 Johnson Underpass
New Eric, MI 92352-5044",LightCoral,31.90962683,11.34726361,36.32365247,5.314354141,563.4460357
pkilab@me.com,"30242 Rubio Forest
Port Kyleland, VA 18339-5779",Turquoise,34.40240965,14.22097911,37.52319665,4.077775098,647.6194557
oechslin@comcast.net,"17463 George Ports
East Julianborough, WY 68291",DarkOliveGreen,32.95976431,11.54627576,36.94795369,3.275070681,448.340425
andrewik@optonline.net,"PSC 1634, Box 8167
APO AA 49814",Teal,33.78015676,11.91763618,36.84473382,3.634996006,518.7864831
dodong@verizon.net,"12641 Greer Track Apt. 183
North Mitchell, IA 77991-6276",DeepPink,32.67294353,12.27605698,37.19279353,3.982471513,523.6339351
delpino@sbcglobal.net,"311 Savannah Ramp Suite 245
Carlsonbury, LA 08453-6035",MediumTurquoise,32.72852076,10.13171246,34.84561239,3.287701824,393.857371
lpalmer@att.net,"3751 Green Loaf
New Julia, VT 20897",DarkCyan,33.40992259,12.02694222,36.13389429,2.313349885,426.1545477
granboul@me.com,"14889 Page Prairie
Dennisville, NV 27982-4210",PeachPuff,31.72420252,13.1722875,36.19975347,3.557813698,503.3878873
forsberg@yahoo.ca,"193 Ashley Plaza Suite 706
Hernandezport, WV 71270-7338",Aqua,32.7111193,12.32629139,36.67387836,3.350279288,482.6024673
janneh@icloud.com,"PSC 6338, Box 7637
APO AA 22066",MediumTurquoise,33.13665525,13.89131342,39.22071295,2.907094935,524.7976276
dkrishna@gmail.com,"360 Albert Spring
South Tylerbury, VA 92641-9077",HotPink,34.37939438,12.93092854,36.3602472,3.792711955,574.6548434
rasca@verizon.net,"82537 Alice Centers
Gregland, OR 71749",SeaShell,35.53090415,11.37925718,36.63610412,4.029453828,574.7472197
krueger@live.com,"295 Michael Keys Apt. 706
Ericfurt, KS 09476",Orange,33.24726795,14.06938234,38.99332245,4.978475793,660.4251843
markjugg@me.com,"38528 Jerry Valleys Suite 027
Jonesstad, NY 74787-2691",CadetBlue,32.09610899,10.80489056,37.37276215,2.699562055,375.3984554
qmacro@gmail.com,"3286 Lynch Field
Henrychester, RI 41833-7902",LightCoral,35.03928306,14.42649105,37.3741835,3.930615327,640.18774
rddesign@optonline.net,"450 Samantha Valleys
Collinsborough, KS 37205-9891",Orchid,32.55052657,13.04124459,36.65520808,3.456233824,514.0098178
mastinfo@verizon.net,"601 Mitchell Estates Suite 922
Port Daniel, WV 83595",Crimson,32.58249357,11.7397438,36.85481082,2.18201697,376.4968407
trygstad@gmail.com,"81830 Katie Squares
Port Austinland, FL 73522-0761",LightGoldenRodYellow,33.29698192,12.49105874,38.23894085,2.709526627,484.5198091
starstuff@live.com,"06392 Matthew Viaduct Suite 000
Lake Ronald, NY 45787-0181",DarkGoldenRod,33.10833615,12.89237451,36.5273883,4.594116865,614.7296376
storerm@comcast.net,"634 Nancy Shoals Suite 241
South Barry, AR 52307",HotPink,33.90271779,11.66886651,37.34126616,4.25698329,567.4750105
nicktrig@mac.com,"90089 Eric Well
Nicoleside, MT 95918",Blue,34.55528259,11.77777204,37.97982686,3.784273087,554.0030934
malattia@sbcglobal.net,"4190 Shelton Harbors
North Christopher, RI 60962",Violet,33.73264839,12.13879388,36.85388246,1.623419609,399.9838716
suresh@optonline.net,"3761 Jared Mountain
Nicholasport, WY 51181",Pink,31.6005122,12.22296745,36.82275323,3.41450624,479.1728515
kidehen@icloud.com,"239 Bush Fall Apt. 906
Riveraville, KY 88906-3319",SandyBrown,34.31892744,13.4023319,37.29204471,3.606086889,585.9318443
satishr@mac.com,"5052 Mccoy Passage Apt. 328
Teresaport, FM 97139",LightBlue,34.00648892,12.95627661,38.65509454,3.275733705,540.9957391
specprog@aol.com,"78787 Mitchell Lights
Matthewville, AZ 30310-0130",Gold,33.54047906,12.88412462,36.22604169,5.007271987,628.0478039
scottlee@icloud.com,"46954 Melissa Corner
North Amanda, LA 34844",SteelBlue,34.43642584,13.3254691,36.76860309,3.371258113,582.4919237
arachne@msn.com,"45442 Barber Key Apt. 882
South Jaclyn, NM 24367-3001",FloralWhite,33.55169914,12.15858523,36.57513378,5.453969475,640.7861664
syrinx@aol.com,"0338 Francis Junction
Lake Alexstad, NH 14302",Green,31.81861657,11.22654566,35.66993517,3.755869389,446.4186734
jdray@yahoo.com,"232 John Haven Suite 456
Johnsonhaven, VT 90106-0173",PaleGoldenRod,32.36312129,12.46113544,37.74560774,4.664258497,570.6300981
gavinls@comcast.net,"0859 Audrey Isle
South Zachary, AS 09138",Navy,33.19157088,9.846124909,36.87631323,3.806670949,423.3083341
chlim@yahoo.com,"5358 Stephen Parkway Suite 894
Kimview, MN 17436-4528",Coral,32.19249883,13.32541219,36.89729461,5.049927475,616.660286
ghaviv@optonline.net,"721 Robert Viaduct Apt. 052
Lake Olivia, MO 93807",DarkGreen,32.60790272,13.67724584,37.7446997,2.871947536,530.3624689
rafasgj@icloud.com,"836 Amy Villages
Hannahside, RI 09207-2616",LightSteelBlue,32.26200311,11.64496955,37.02687697,3.236732814,442.3631174
ntegrity@hotmail.com,"909 Hicks Mountains
Gabriellaport, MD 33121",Aquamarine,32.27184828,13.48500899,37.55088041,3.086337272,511.97986
joehall@icloud.com,"54051 Jenkins View
East Danielshire, IN 32905-7784",DarkViolet,33.79512493,11.62099651,38.41946853,4.559699083,560.4437922
presoff@live.com,"24458 Hudson Square
Hallside, PA 68038",MediumSpringGreen,31.65480968,13.01445915,37.78903635,3.010209778,475.2634237
mhouston@gmail.com,"149 Monica Vista Apt. 908
Jasonberg, TX 19632-8886",OliveDrab,33.07773079,11.46698422,35.67572763,1.809229592,374.2696745
hakim@mac.com,"99902 Scott Road
Joyton, MT 46760-7400",Purple,31.3123496,11.68490419,38.7170763,3.5942951,463.591418
sherzodr@mac.com,"74260 Carly Mews Suite 703
Jonesberg, OR 39594",BlueViolet,32.87273861,12.09396636,36.62077386,3.049195744,471.6028844
scottzed@me.com,"3324 Branch Squares Suite 221
Riddleton, OK 34594",RoyalBlue,33.70815341,14.32565494,35.72182733,3.634340224,626.0186727
lridener@msn.com,"66636 Jason Parkway
Kellyside, NV 67033",DarkSeaGreen,33.90856503,12.91484663,39.06886445,1.482359644,432.4720613
maratb@comcast.net,"Unit 2079 Box 7792
DPO AP 47668",AntiqueWhite,32.31290975,9.82440177,35.74277913,2.921350141,356.6155679
miltchev@yahoo.com,"Unit 0474 Box 0661
DPO AP 48938-3469",Blue,34.39432665,12.80775183,38.55103029,1.810079876,467.4278485
joglo@optonline.net,"625 Andrew Locks
Madisonside, AZ 74068",FloralWhite,32.42330473,13.05827793,37.26387556,3.373104674,503.2173931
zeller@icloud.com,"960 Miller Union
East Virginiastad, MS 74191-2346",Navy,33.53939635,10.5345535,37.03479129,2.214797519,378.4735664
amcuri@optonline.net,"4029 Gerald Cape
South Laurenborough, SC 19130-5133",DarkOrange,33.37401693,11.14343308,35.94639915,5.454463278,584.2183135
presoff@gmail.com,"6961 Mary Stravenue Suite 857
Hilltown, TX 52813-7703",Aqua,33.79475594,10.98280553,34.81063145,3.201801722,451.7278633
airship@comcast.net,"93101 Shannon Common
South Destiny, ND 30379-2855",Ivory,33.7709001,11.15396605,37.24032955,4.729484542,557.634109
bdthomas@outlook.com,"449 Amanda Tunnel
Joshuahaven, CO 15377",LavenderBlush,31.30919264,11.94717532,36.19083324,3.205529765,432.7207178
scottzed@att.net,"839 Heather Cliff
South Blake, SC 90412",Cyan,33.61256335,11.470565,37.06168877,3.802511439,506.42386
jwarren@gmail.com,"13799 Cortez Inlet Suite 733
East Stevenshire, AL 32757",Tan,33.39826013,11.03785041,38.61733445,4.116340467,510.1598173
dvdotnet@live.com,"581 Gilmore Port
Heatherville, MS 20879",PaleVioletRed,33.62259184,11.1673569,35.62658733,5.462500764,587.5747995
sekiya@gmail.com,"0001 Mack Mill
North Jennifer, NE 42021-5936",LightPink,30.4925367,11.56293625,35.97656497,1.481616627,282.4712457
markjugg@optonline.net,"634 Robert Hill Apt. 800
Coxtown, OK 32430",Thistle,31.90485713,12.22772828,36.98591348,3.771420132,473.9498574
leslie@att.net,"Unit 7029 Box 3429
DPO AE 56975",CadetBlue,33.02642035,13.18681287,38.0669296,2.898299578,489.9080531
brainless@yahoo.ca,"USS Beasley
FPO AP 50556-7615",AntiqueWhite,32.9751929,13.39445179,37.80697767,3.569046516,541.9722038
flaviog@outlook.com,"109 Jessica Manor
North Patriciashire, PR 84726",GhostWhite,30.81620065,11.85139874,36.92504304,1.084585303,266.0863409
henkp@yahoo.ca,"036 Mary Drive Apt. 581
Port Brandytown, FL 66143",DarkOrchid,33.91401512,12.26650384,36.57503098,3.023474446,494.6871558
gommix@live.com,"14548 Hayes Isle Apt. 436
Garciaville, IN 65366",DarkGray,33.30267221,13.45922229,36.33952101,5.566384892,689.7876042
xtang@outlook.com,"08111 Barry Highway
Bentonberg, GU 13706",Gainsboro,31.91207593,11.79297182,36.25781912,2.39516813,387.5347163
burniske@optonline.net,"508 May Highway
Port Jacobview, MN 31932",DarkSalmon,32.40855896,10.98574015,37.36839124,3.504833486,441.8966315
tmaek@outlook.com,"9781 Lopez Spurs Apt. 300
Fitzgeraldborough, MA 89035-4317",Ivory,32.64461691,12.63755716,36.51708576,5.226687713,604.8413188
esasaki@icloud.com,"190 Kelley Burg
West Juliaport, IA 35826-8163",MediumSlateBlue,34.10227851,8.508152176,35.46240008,1.838210702,302.1895478
isaacson@yahoo.ca,"Unit 7502 Box 8345
DPO AE 53747",Cyan,33.2485062,11.65659203,36.54860515,3.363411394,479.6148117
daveed@msn.com,"49352 Avila Terrace Suite 624
Amandaland, GA 99736",SeaGreen,34.72908017,11.96689808,36.54759628,2.957448757,506.1323424
jespley@yahoo.ca,"093 Larson Ports
West Kathryn, OK 91243",Purple,30.39318454,11.80298578,36.31576315,2.083814192,319.9288698
klaudon@yahoo.com,"43382 Heather Meadows
New Lisaburgh, WI 19151-0302",LightBlue,33.38411057,12.67740144,35.62253059,3.680847338,528.309225
seasweb@live.com,"686 Baker Fords Suite 893
East John, IL 50171-9547",Brown,32.87847437,13.03253498,37.87095205,4.693732058,610.1280331
bbirth@comcast.net,"456 Eric Views
North Amanda, MS 98876-3102",Chocolate,34.50141785,12.44761745,37.53453024,4.008352235,584.105885
rande@gmail.com,"740 Marshall Squares
Davidbury, AL 94251-0846",Thistle,33.56647439,12.23565925,37.27757338,2.532044062,466.4211988
ehood@sbcglobal.net,"9991 Macdonald Squares
Vasquezborough, WY 73586-4597",Purple,32.84879283,10.97316208,36.60950715,2.87098691,404.8245289
csilvers@msn.com,"363 Kathleen Underpass
Ashleyside, PR 98964",MistyRose,33.53186013,13.66576979,36.90022076,3.515688256,564.790969
hermes@yahoo.ca,"63010 Reyes Creek Apt. 569
West Catherinetown, MN 67491-6816",Indigo,33.41906735,13.39112018,37.19419105,4.069916619,596.516698
cyrus@aol.com,"66340 Michael Lane Suite 878
West Brian, LA 69137-1147",Gold,32.49541877,12.96832561,38.29611037,1.200483857,368.6547849
bradl@gmail.com,"4475 Lopez Stravenue Apt. 690
Smithchester, NV 84347",PeachPuff,33.67402748,12.96889313,37.33310742,3.229450904,542.4124767
barlow@yahoo.ca,"229 Eric Mountains
New Caleb, PA 00396",LightSalmon,33.26463207,10.73213134,36.14579171,4.086566338,478.2621264
gknauss@comcast.net,"3976 Tom Streets Suite 438
Port Davidtown, AL 55334-2369",DarkOrange,32.76245596,10.95235338,37.64629179,4.019470352,473.3604956
bryanw@live.com,"06103 Erik Fields Suite 781
Jonesmouth, GA 49931-3078",SlateBlue,33.4794716,12.60888879,37.22939452,4.20590389,559.199048
jipsen@verizon.net,"510 Michele Port
East Angela, HI 23618",MintCream,33.78520721,13.03951103,36.31272657,2.018194629,447.1876443
drolsky@optonline.net,"2064 Poole Groves
North Chrisland, SC 78169",NavajoWhite,33.21718784,10.99968366,38.44276669,4.243812817,505.2300683
sriha@optonline.net,"57120 Frank Keys
Jerryborough, DC 81028-0939",Tomato,31.12809005,13.27895623,37.38718053,4.626075292,557.2526867
cvrcek@icloud.com,"6734 Perez Trafficway Suite 395
Nunezland, NC 83245",DarkSeaGreen,33.36951736,10.62794923,38.04031367,3.002957023,422.3687366
willg@outlook.com,"649 King Extension
North April, NY 54175",Lavender,32.83789305,13.18518117,35.92159519,1.823595183,445.0621855
kaiser@yahoo.com,"732 Heather Place
North Michael, VT 92527",DodgerBlue,30.57436368,11.35104901,37.08884658,4.078308002,442.0644138
hoyer@live.com,"8248 Parker Overpass Apt. 024
Lake Pamela, WY 44322-1735",Wheat,32.27459383,12.95481145,37.10881638,3.689916615,533.0400602
wildixon@att.net,"15298 Erickson Shore Apt. 056
South Patrickfort, MD 16503-3145",MediumVioletRed,33.144234,11.73704064,37.93518905,2.190132185,424.2028271
oevans@verizon.net,"4835 Jessica Walk Suite 205
West Jacob, NH 93681",Magenta,33.48551976,11.8873453,35.86244708,3.206756698,498.6355985
bmorrow@mac.com,"920 Anderson Extensions
Greenfurt, GA 19316-3498",SeaShell,31.97648006,10.75713093,36.59586795,1.977007128,330.594446
mosses@sbcglobal.net,"4301 Park Lake Apt. 158
Spencertown, SD 45934",HoneyDew,32.13386241,11.61265077,39.2488039,3.349245383,443.4418601
gslondon@msn.com,"52326 Townsend Centers
Lake Williamburgh, NJ 70568-7463",LightCyan,32.3025531,11.97906148,38.26906069,3.53286158,478.6009159
steve@optonline.net,"157 Linda Roads
New Jimmyshire, MH 51942",Khaki,31.82797906,12.46114744,37.42899737,2.974736815,440.0027475
arandal@hotmail.com,"3687 Sarah Ranch Suite 919
Gainesfort, AK 05665",Crimson,32.01807401,10.07946345,38.07066426,2.61816531,357.7831107
bwcarty@optonline.net,"314 Kidd Run
Johnfort, KS 46546-2732",White,32.997459,12.58924056,37.33224075,2.804013693,476.1392469
dprice@att.net,"06307 Scott Spurs Suite 161
Jessicaburgh, NH 26093-5908",RoyalBlue,31.81642833,14.28801459,36.77386137,2.964497876,501.1224915
forsberg@mac.com,"3485 Anthony Street Apt. 119
Mikeberg, FL 32602",DarkViolet,34.46151474,11.9171157,37.76668677,4.350887844,592.6884532
jemarch@hotmail.com,"91542 Jessica Springs Suite 255
Thomashaven, MT 39239-3790",DarkSeaGreen,32.34279623,11.40964462,35.77778217,3.872432042,486.0834255
bartlett@icloud.com,"410 Gonzalez Corners Apt. 187
East Stephenport, VT 22771",Navy,32.30274837,12.81539265,37.95780983,4.615426307,576.0252441
jeffcovey@msn.com,"407 Blake Ways
Port Davidland, WA 78438",Gray,33.06644066,11.67322925,37.84065508,2.727209454,442.7228916
howler@att.net,"1583 Anderson Coves
East Rebecca, NH 27212",Purple,33.89464039,10.61053652,37.97738874,3.53712388,461.7909591
jwarren@icloud.com,"32303 Baldwin Causeway
South Robertside, HI 58126",RosyBrown,32.76566459,12.50654819,35.82346667,3.12650949,488.3875258
ngedmond@comcast.net,"395 Summers Courts Apt. 413
Coopermouth, IA 21205-1079",White,33.76981237,11.30446231,37.83397173,5.137816746,593.1564015
dogdude@outlook.com,"0360 Pearson Dam Suite 263
Lake Shawn, UT 65986-4190",MediumTurquoise,31.81248256,10.88692118,34.89782769,3.128638856,392.810345
elmer@optonline.net,"74839 Michael Plains Suite 356
South Austinshire, ND 40309-1424",Bisque,32.00850452,12.09588949,36.37750903,3.178952405,443.197221
denton@optonline.net,"27032 Michelle Forest
Morrowtown, ND 14749",SaddleBrown,33.30433662,12.69266143,37.33359061,3.827375915,535.4807752
seebs@yahoo.com,"01512 Hendricks Rue
East Pamela, PR 46481",YellowGreen,32.18984473,11.38677555,38.19748325,4.808320373,533.3965538
jrifkin@icloud.com,"5527 Hogan Road
South Jeffreychester, MA 28632",LavenderBlush,34.93560511,10.72841854,36.88119241,4.048510087,532.1274491
conteb@att.net,"7346 Jennifer Green Suite 148
Wagnertown, MT 65972",IndianRed,33.55165061,11.93689516,35.90025278,4.543332413,558.9481124
redingtn@aol.com,"37216 Krista Drives
West Andrew, DE 70036",DarkKhaki,32.38696867,12.7179951,35.12882235,3.481062133,508.7719067
raides@me.com,"1094 Bentley Forges
Lake Antonio, MA 29181-3664",SaddleBrown,33.34450869,10.96980287,35.97457811,2.627624971,403.7669021
larry@mac.com,"922 Hampton Path Suite 198
Port Jasonmouth, FL 46623",Orchid,33.67275789,13.42054574,37.7636904,4.794312263,640.5840619
budinger@gmail.com,"0833 Brian Canyon Suite 566
Anthonymouth, VT 01329-7541",DarkCyan,34.00207092,11.85468192,37.49189221,2.761861926,461.6282784
tjensen@yahoo.com,"577 Peters Turnpike
Loriport, MA 60572-1669",Aquamarine,32.65539704,11.91885971,35.71626916,2.159676023,382.4161079
juliano@live.com,"0281 Dale Wells Suite 656
East Joshua, ME 73389",Brown,32.05426185,13.14966956,37.6504002,4.195614413,561.8746577
jbuchana@verizon.net,"13164 Miller Camp
South Deannaberg, ID 85433",DarkMagenta,33.22877227,12.6853939,36.04898625,2.139403004,444.5761441
bester@yahoo.ca,"389 Joshua Stravenue Apt. 983
Martinezland, MN 29049",Cornsilk,32.07759004,10.34787695,39.0451557,3.434559723,401.0331352
ardagna@live.com,"497 Julian Brook Suite 872
Hillberg, FM 87927-5760",LightSalmon,33.98100558,9.316289204,36.91495155,2.868428182,384.3260571
corrada@msn.com,"78297 Brown Street Apt. 786
East Taylorfurt, AK 97246",Chocolate,34.17951757,12.58154773,35.4442647,3.137068975,527.7829958
mbalazin@sbcglobal.net,"2595 James Creek Apt. 571
Millerberg, HI 82236",PaleVioletRed,32.60273898,11.76444759,37.92270381,3.525806412,482.1449969
oracle@mac.com,"97686 Robertson Cape Suite 607
Port Veronicaside, NE 47293",Wheat,32.03054972,12.64420212,38.00182747,5.038107494,594.2744834
okroeger@me.com,"9863 Dawn Court Suite 429
Lake Connie, MI 12238",OldLace,33.10035775,11.83211223,36.84149164,3.612239152,502.0925279
stakasa@yahoo.ca,"51173 Curtis Cliff Apt. 727
Ramoston, DE 32714-4579",SlateBlue,32.99059904,10.44123506,35.9389625,2.895075163,407.6571788
meder@comcast.net,"939 Watson Run
Staceyberg, VT 58376-0454",Orchid,34.38582029,12.72971951,36.2321098,5.705940717,708.9351849
matloff@outlook.com,"368 Morris Ports Apt. 735
New Lisaville, GA 34271-8632",MediumAquaMarine,34.35719627,9.477777608,37.90601452,5.047022551,531.9615505
skoch@icloud.com,"16338 Scott Corner Suite 727
West Alexandra, AR 54429",SeaGreen,33.7051128,10.16317906,37.76304108,4.778973636,521.2407802
scarlet@verizon.net,"Unit 1609 Box 3480
DPO AA 95185",MediumSpringGreen,32.40429505,11.60899794,38.11045691,2.966558885,447.3690272
andrewik@msn.com,"486 Adams Hills
North Walter, MS 18124",LightSeaGreen,31.82934646,11.26825923,36.95696543,2.668919773,385.152338
sinkou@icloud.com,"69279 Stewart Mountains
South Pamela, KS 22541-3414",DarkKhaki,31.36621217,11.16315954,37.08831936,3.620354589,430.5888826
bcevc@verizon.net,"0128 Sampson Loop Suite 943
Hoffmanton, MO 02122",SaddleBrown,31.44744649,10.1016322,38.04345265,4.238296188,418.6027421
malvar@att.net,"89301 Kylie Crossroad
Petersonberg, MH 23834",Turquoise,33.58294684,12.76153128,36.90818962,2.479339823,478.9514048
teverett@yahoo.ca,"0554 Powers Curve
Nathanchester, FL 06878-6336",AntiqueWhite,32.39742194,12.05534016,37.68546549,3.506967574,483.7965221
eimear@msn.com,"770 Katie Walk Apt. 585
Port David, MN 52850",GoldenRod,35.03744996,11.93593497,35.78392374,3.310150347,538.9419745
smcnabb@comcast.net,"0506 Pitts Forks
Woodsbury, AL 98082-8186",Teal,32.78494023,12.45120001,36.66579137,3.535802468,486.1637991
galbra@gmail.com,"92028 Thomas Mountains Suite 044
New Matthew, MI 02429-0994",Bisque,33.97172204,12.28446707,38.29572526,1.13047696,385.0950071
sthomas@yahoo.ca,"8456 Joseph Locks Suite 926
Christopherport, TN 57784",PaleGreen,33.38599019,12.78217179,35.55077227,3.228717686,527.7837898
emcleod@sbcglobal.net,"64460 Morris Fords
Gonzalesmouth, MI 40832",RosyBrown,33.55655567,12.96030713,37.95194632,3.345922321,547.1907494
mbrown@att.net,"3933 Brooke Point
Johnsonburgh, DE 22659-3488",Crimson,33.58737339,9.953995006,37.34573893,3.215666827,410.6029439
dinther@comcast.net,"313 Lisa Loop Apt. 543
North Jenniferchester, MN 58819",Brown,34.18818406,13.13002166,35.42933439,3.790552137,583.977802
jwarren@yahoo.com,"62106 Nathan Mountain Suite 505
North Matthewborough, AZ 32092-6122",Gold,33.59396355,11.52056679,36.1891318,3.561215271,474.5323294
mnemonic@att.net,"39209 Cooper Neck Apt. 541
Tylermouth, ME 94450",SeaGreen,33.23626572,10.97255431,34.57402759,2.931619535,414.9350607
pthomsen@aol.com,"87270 Garrett Cliffs Suite 361
Brooksberg, MO 26555-2502",LightYellow,33.2089197,13.53191346,38.95246252,3.046540621,550.8133677
houle@mac.com,"309 Singleton Hollow
Matthewhaven, NJ 68776-7477",LemonChiffon,33.63781168,12.03950237,34.48718475,2.739200467,458.7811317
kidehen@gmail.com,"186 Anthony Route
Gordonview, AS 78120-4633",DarkOrange,33.5904858,10.94206962,36.1704942,2.783963128,407.542168
aukjan@gmail.com,"00615 Tracy Islands
New Marcfort, MO 87297-7431",LightCyan,34.19550803,12.66419262,37.02715036,4.330407444,581.3089329
symbolic@verizon.net,"96480 White Lane Suite 521
Pattersonhaven, OR 39409-4561",Gray,35.86023651,11.73066139,36.88214908,3.416209978,546.5566669
frosal@att.net,"14064 Frazier Hills Apt. 176
Amyborough, MP 77858-0018",MediumVioletRed,33.48193057,11.91867031,37.31770495,3.336339382,503.1750852
jrifkin@aol.com,"02136 White Grove Suite 418
Marytown, DE 70033",OrangeRed,33.25823783,11.51494907,37.1280395,4.662845304,549.1315733
pizza@mac.com,"6586 Reginald Crest Apt. 061
North Josephfort, NM 55275",DeepPink,32.31985797,12.4181132,36.1553362,3.222080767,482.8309859
keutzer@msn.com,"2749 Cunningham Flat Apt. 838
Derekberg, OH 45288",DeepPink,32.43083858,13.88727541,38.38195597,3.772969025,557.6082621
ramollin@live.com,"33940 Craig Throughway Apt. 334
Martinview, IL 62015-0314",GhostWhite,31.44597248,12.84649907,37.86921694,3.42014953,484.8769649
microfab@aol.com,"355 Villegas Isle Apt. 070
West Jenniferview, NM 26775-4339",Green,35.74266981,10.88982828,35.56543624,6.115198946,669.9871405
qmacro@me.com,"439 Todd Summit Apt. 478
Mooreland, AR 31655",CadetBlue,34.01261946,12.91457009,36.04620352,3.488029991,547.7099886
fraterk@me.com,"30700 Justin Ports
Port David, PA 52171-5921",DarkOliveGreen,34.14039343,11.56852664,38.91874854,4.082855279,537.8252823
tmaek@icloud.com,"291 Stephen Glens Apt. 532
Jacquelineton, NJ 53606-5656",IndianRed,32.37798966,11.97175079,37.19936753,2.829699575,408.2169018
ngedmond@yahoo.com,"04290 Barron Square
Laurenmouth, AS 79917-9544",Snow,33.17233109,13.07869244,37.32981863,5.405406467,663.0748176
pakaste@sbcglobal.net,"0013 Andre Field
Whitebury, AZ 68447-6306",DarkSeaGreen,33.2473222,11.95642648,36.51734612,3.45175071,506.3758668
terjesa@yahoo.ca,"50718 Timothy Light
Garciaport, SC 60266-6696",BlueViolet,33.59891334,13.25273709,37.30596142,2.935577274,528.4193297
techie@gmail.com,"53964 Weaver Brook Suite 861
Stevensonshire, NY 18128",OliveDrab,33.08529799,13.09353728,38.31564796,4.750360071,632.1235881
murty@msn.com,"506 Allison Cove Apt. 766
Weeksstad, AS 71308",MediumSpringGreen,32.27844335,12.52747174,36.68836654,3.531402303,488.270298
afeldspar@icloud.com,"2559 Harris Pines Apt. 514
Michaelshire, ME 21753-8834",MediumSlateBlue,33.44155304,11.23596895,37.05261631,3.90447938,508.735741
yenya@att.net,"3802 Veronica Causeway
East Patrickfurt, DC 84522",GhostWhite,32.86530121,12.07483017,35.56917032,2.39907979,411.1869636
dartlife@sbcglobal.net,"592 Villanueva Village
Woodsstad, AK 20530",Purple,31.5261979,12.04533198,38.50588333,2.847709026,409.0945262
gmcgath@me.com,"PSC 4427, Box 6116
APO AP 87584-5187",SandyBrown,33.00084964,11.23074331,36.99529017,3.781703565,467.8009244
nacho@icloud.com,"19270 Velasquez Coves
Boylechester, AZ 51480",LightCyan,32.08838063,11.9078441,35.18912244,4.349778419,512.1658664
seasweb@sbcglobal.net,"USNS Jacobs
FPO AE 71507-1312",LightSalmon,33.26544447,13.05221039,38.7756653,4.574287716,608.2718166
bruck@live.com,"001 Estrada Union
Lewismouth, TN 47360",Chartreuse,32.9925732,13.00436201,36.98504142,4.620416385,589.0264898
tamas@icloud.com,"86268 Davis Corner
North Danielview, CT 59551-9382",DarkGoldenRod,33.86318871,11.52352268,35.93804523,3.0130325,444.0538266
conteb@att.net,"209 Andrew Viaduct
Port Anna, OR 01627-8037",Cornsilk,32.59209323,10.31471792,36.7290294,4.791108745,493.1812614
mcnihil@hotmail.com,"19704 Kaitlin Flat
West Andrewtown, VI 38642",Magenta,32.38103459,12.43312853,37.6269068,4.334001444,532.7248055
wikinerd@yahoo.ca,"0508 Terrance Cliff
Rebekahtown, NC 48724-8308",SaddleBrown,31.5171218,10.74518855,38.79123469,1.428823877,275.9184207
sjava@optonline.net,"2082 Christopher Place Apt. 081
Cynthiahaven, HI 99393-8910",DarkViolet,33.45430193,11.01675564,37.63731096,4.137000388,511.0387861
miltchev@me.com,"584 Patterson Falls
West Alicia, DE 45751",Chocolate,32.21552742,12.21685469,36.9539597,2.910530822,438.417742
aukjan@live.com,"11430 Meza Green Suite 037
Martinezborough, FL 40624-8726",DarkViolet,31.6739155,12.32914702,37.07437107,3.982462319,475.7250679
peoplesr@msn.com,"210 Johnson Street Suite 717
New Bethanyborough, MO 84817",Magenta,33.71755461,10.80696607,36.01231723,3.701229217,483.5431939
lstein@icloud.com,"2971 Angela Island
Lake Timothychester, NE 48734-6685",HotPink,33.21547157,12.1351014,37.14209369,5.840505876,663.8036933
ozawa@yahoo.com,"994 Joel Highway Suite 216
New Jessicafort, UT 14179",DodgerBlue,31.57413802,12.94155573,36.72527683,4.560396067,544.4092722
dbindel@live.com,"928 Bailey Road
East Mary, DE 11678-5634",Turquoise,33.89457039,13.30029936,36.39368386,4.490002066,630.1567282
qrczak@comcast.net,"31927 Jill Mountain
South Jessica, MN 63418",Blue,33.12869269,10.39845771,36.683393,3.859817999,461.1122484
wojciech@yahoo.com,"1549 Walker Passage Apt. 463
West Calvin, AZ 03144",PaleVioletRed,34.37032705,11.88780042,37.86144726,3.046620189,491.9115051
chrisk@mac.com,"4547 Stafford Throughway Apt. 178
North Patrick, MD 60768-4837",MidnightBlue,34.08026009,11.5914397,36.45689841,4.652854446,574.4156896
fukuchi@verizon.net,"54560 Thompson Creek Apt. 029
New Brianville, FL 84430-8588",BlanchedAlmond,31.42522688,13.27147504,37.23984661,4.02210291,530.7667187
chrisj@hotmail.com,"5086 Morales Islands Apt. 099
New Patricia, IL 78823",Black,33.62530726,12.9882206,39.67259096,3.969417759,581.7987977
spadkins@yahoo.com,"02393 Baker Falls
New Georgeport, ND 36338-5110",DodgerBlue,31.86274111,14.03986726,37.02226899,3.738225173,556.2981412
barnett@gmail.com,"1693 Gary Mission Suite 479
Lake Kelly, MO 68205",DarkGreen,33.29258731,11.90650776,38.42286529,3.3766875,502.1327892
boser@comcast.net,"4929 Michelle Grove
Lake Alexis, MT 92147-1660",BlanchedAlmond,33.74922777,11.1371403,38.40137369,4.595522709,556.1863689
drolsky@hotmail.com,"983 Ross Glen
West Jessica, NJ 42860-5757",Bisque,34.14496899,12.90266489,36.61119878,2.223993458,475.0716299
cumarana@gmail.com,"685 Sexton Ranch Suite 125
Lake Robertshire, NE 04469-3024",Cyan,31.12397435,12.38651626,35.63211222,4.288486771,486.9470538
kostas@aol.com,"4968 Bennett Manors
Rogerschester, IL 81579-8333",Lavender,34.27824788,11.82272175,36.30854529,2.117382542,434.144202
keijser@yahoo.ca,"61502 Parker Vista Apt. 363
Jonesshire, GU 33532",Violet,33.66661568,10.98576379,36.35250277,0.936497597,304.1355916
msloan@sbcglobal.net,"257 Hunt Manors
South Charlottefort, CT 15033",Fuchsia,32.25997327,14.13289346,37.02347924,3.762070443,571.2160048
policies@optonline.net,"83995 Owens Course Apt. 747
South Jennifer, NJ 29942",MistyRose,35.4331653,11.91221048,36.08964366,4.000963586,583.0796357
sisyphus@comcast.net,"8055 Robinson Brooks Apt. 657
Walterview, KY 83019",CadetBlue,31.96732095,11.48158715,39.24096484,3.532517165,445.7498412
mcsporran@comcast.net,"Unit 1475 Box 4215
DPO AE 39546-5591",LightSteelBlue,32.14906052,10.04731474,37.18144731,3.535088428,392.9922559
nichoj@msn.com,"Unit 5934 Box 9748
DPO AA 37361-3043",Brown,33.91884418,12.42873693,37.30536188,4.158214653,565.9943634
graham@mac.com,"31309 Stacey Keys Apt. 979
South Jason, KS 35357",Salmon,33.20061634,11.96598027,36.83153585,3.549036057,499.1401524
chunzi@verizon.net,"1812 Sandra Shoal Apt. 350
Amandamouth, SC 87794-1628",FireBrick,32.5367749,11.12136606,36.97937237,4.129254688,510.5394217
grolschie@aol.com,"PSC 1893, Box 7023
APO AA 73445",Lime,34.0836633,8.668349517,35.90675637,2.252445963,308.5277466
facet@outlook.com,"381 Ashley Locks Suite 366
North Migueltown, TX 09795-0494",GreenYellow,33.02502014,12.50421981,37.64583879,4.051382465,561.516532
jshearer@comcast.net,"189 Crawford Hill Apt. 746
New Madison, WV 14108-4333",DarkOrchid,31.26810421,12.13250911,35.45679815,3.072076141,423.4705332
netsfr@outlook.com,"Unit 1743 Box 8085
DPO AE 47693-8164",Blue,32.21292383,11.73299146,35.63395395,4.331863027,513.1531119
greear@live.com,"57993 Jennifer Unions Suite 685
Emilyville, OK 53366-2375",Olive,33.4995061,11.94659088,36.48632507,3.937862643,529.1945189
lstaf@verizon.net,"73098 Ronald Port
Cliffordborough, MO 37479-9244",Wheat,32.90485367,12.55610762,37.80550943,0.26990109,314.4385183
dgriffith@aol.com,"5292 Melanie Crescent Apt. 064
Fischerborough, NV 85721-5045",AliceBlue,32.20465465,12.48070152,37.68028761,3.27946626,478.584286
wainwrig@outlook.com,"24725 Neal Lock
Cynthiaville, NY 51578",OliveDrab,32.67515451,12.59419407,37.68387537,2.571777835,444.582165
bwcarty@att.net,"1502 Gonzalez Throughway
Kathrynchester, FM 86014-7194",Linen,32.99838766,10.94684194,37.64780806,3.826030618,475.0154071
adamk@verizon.net,"35466 Tommy Stream
Port Daniellemouth, KS 68863-6330",LightSlateGray,33.94311858,11.48419869,36.83936583,2.402453833,436.7205559
hmbrand@live.com,"76666 Kathy Locks
Port Susan, ME 64335",Indigo,33.55210836,11.12087087,36.80837606,4.027813842,521.1953105
njpayne@optonline.net,"33213 Tanner Knolls Apt. 519
Whiteborough, OR 37119-7790",Lime,33.67683087,10.97139243,37.72236711,3.629339915,478.1830597
cgreuter@verizon.net,"Unit 3998 Box 4348
DPO AA 37629",SteelBlue,32.64194637,11.58894858,36.32214092,3.189609942,432.4811686
graham@aol.com,"2100 Austin Camp Apt. 943
Anthonymouth, WV 24243-3781",Olive,33.42121218,10.70664152,35.7661535,3.393975043,438.3037078
grdschl@icloud.com,"967 Chloe Springs Suite 554
Lake Ashley, GA 03230",HoneyDew,32.76707608,11.07625934,34.7797505,2.57494847,388.9405488
mstrout@verizon.net,"42644 Helen Keys Apt. 103
Jessicahaven, KS 89406-1960",MidnightBlue,33.11995443,12.95326254,37.03427958,3.47202138,534.7714849
world@comcast.net,"02342 Melissa Islands
Smithhaven, KS 68335",DarkViolet,35.37187609,10.5724666,36.86218335,4.198349061,537.9157529
esokullu@yahoo.ca,"97262 Brian Skyway
Lake Marissa, GU 96859",Sienna,33.97608258,11.65803681,37.42527868,2.086348147,407.8763782
rhialto@me.com,"7875 Landry Road Apt. 947
Brownshire, NC 10074-7735",Pink,34.03416353,13.59251266,36.83865679,3.605933918,618.8459704
dimensio@msn.com,"949 Tapia Viaduct
Martinezfurt, CT 79271-8205",LightSkyBlue,32.77049216,11.37176736,35.26149812,4.03438613,502.7710746
nichoj@aol.com,"50639 Sarah Isle Apt. 268
Yangmouth, MO 05540",SaddleBrown,33.50381038,11.23341495,37.21115258,2.32055025,397.4205841
campware@icloud.com,"51173 Burton Wall Apt. 417
Prestonville, NY 37002",SteelBlue,31.87455169,10.29035077,36.92976156,3.491093337,392.2852442
pdbaby@att.net,"426 Scott Radial Apt. 065
Abigailstad, MS 16590-2222",Thistle,32.53323998,14.12178384,38.40632901,5.320093864,689.2356998
terjesa@gmail.com,"3874 Harper Plaza
North Nancy, ME 96802-9462",BlanchedAlmond,34.85131417,12.41554196,37.67232248,3.130538462,543.1326263
eminence@optonline.net,"Unit 4742 Box 9517
DPO AE 67219-3123",Turquoise,34.21146128,10.77024892,34.64980005,4.985204971,577.7360249
wkrebs@aol.com,"845 Colleen Ways
Lake Matthewview, VT 65340-3159",Orange,33.45961932,12.66439052,36.36684325,1.726962043,436.5807403
bhtower@aol.com,"Unit 0373 Box 8981
DPO AA 89902",Beige,34.20053941,12.66780888,37.48704925,3.701622287,553.9946736
cparis@sbcglobal.net,"PSC 4856, Box 1297
APO AA 17032-7944",YellowGreen,31.1695068,13.97018107,36.67395274,1.785173945,427.3565308
nacho@outlook.com,"272 Frederick Lodge
East Andrew, FL 07414",SlateGray,32.51819681,11.50925345,36.59928909,3.02267576,424.7287739
openldap@mac.com,"9985 Wolf Pass
Brandimouth, CA 63346",Bisque,34.52301962,11.40577045,36.37827101,4.041244969,541.049831
smartfart@yahoo.ca,"PSC 1790, Box 8872
APO AE 01821-4769",Orange,33.66599032,12.26371768,38.86023443,3.139526935,469.3831462
world@outlook.com,"4502 Jennifer Prairie Suite 029
Lake Jesse, LA 02328-3633",DimGray,31.60983957,12.7107013,36.16646339,2.562818811,444.5455497
afeldspar@aol.com,"4307 Nicholas Drive Apt. 259
Ramirezberg, AS 59832",MediumBlue,33.70088554,13.47157767,37.0716432,2.379076497,492.5568337
ducasse@hotmail.com,"5855 Gross Burgs Suite 169
Ballland, AS 98525",AntiqueWhite,33.81173341,11.18680872,36.29889308,4.301996499,535.3216101
bahwi@me.com,"80500 Mary Corners Apt. 225
Wallsville, ME 80526",Beige,34.33667722,11.24681261,38.68258378,2.094761669,408.9583359
stellaau@sbcglobal.net,"344 Jessica Stravenue
New Brian, MA 04730-6761",Beige,31.06132516,12.35763811,36.16604163,4.089330841,487.5554581
dinther@comcast.net,"85181 Christian Courts Suite 758
Larryfurt, MS 38722-6766",PeachPuff,33.0697683,11.76432596,36.87502581,3.516051017,487.6462317
privcan@msn.com,"543 Reynolds Burg
Melindaberg, KY 46631",LightPink,34.60624245,11.7618838,38.1265198,1.820810618,402.1671222
facet@me.com,"549 Anna Avenue
Port Laura, CA 76209-9339",WhiteSmoke,34.23824191,11.55030011,35.76932963,4.183143662,551.0230017
donev@gmail.com,"214 Obrien Lakes Suite 572
South Jeremy, KS 52867-7617",MediumOrchid,32.04781463,12.48266992,35.53602453,3.393902788,497.3895578
ubergeeb@yahoo.ca,"5661 Grant Centers
Stevensfurt, CT 53959",Olive,30.97167564,11.73136429,36.07455114,4.426364081,494.6386098
sagal@yahoo.ca,"768 Riley Pine Apt. 624
Kellymouth, OK 98992-3108",MistyRose,33.60685082,12.21407375,37.19842782,2.905238361,479.2474168
tarreau@mac.com,"503 Adams Pines Apt. 638
North Ashleyside, AZ 34687-6128",DarkRed,33.44812501,11.90375668,36.8745436,2.782757828,462.6565189
jadavis@sbcglobal.net,"07813 Randy Point
Lake Thomasberg, MO 06013-9920",Pink,33.36938094,12.22248394,36.35523488,3.447017793,515.5024797
gfody@msn.com,"38678 Sean Drive Suite 293
Karentown, IA 78306-2717",DarkGray,33.45229528,12.00591637,36.53409567,4.712233579,576.4776072
padme@comcast.net,"6820 Erica Vista Apt. 418
Brightside, IA 50639",Orchid,32.90469244,11.91374515,36.0586476,1.228112423,357.8579836
pkplex@aol.com,"9909 Hoffman Ranch Suite 195
Scotthaven, SC 53575",PeachPuff,35.63085386,12.12540197,38.18776368,4.019051427,597.7398789
itstatus@icloud.com,"513 Moore Crescent Apt. 416
Amandaberg, GU 03655-2219",Magenta,32.24635,11.30555143,37.13312676,1.707389729,327.3779526
rnelson@hotmail.com,"7446 Mary Ferry
Lake Sherryfurt, GA 49066-0207",GhostWhite,34.69559119,11.60899707,37.68487728,3.163091931,510.4013885
jsmith@live.com,"64147 Alexander Station Apt. 474
East Jasonview, MN 83788",SeaShell,34.34392191,11.6930582,36.81293413,3.447092896,510.5014785
british@aol.com,"70128 Zimmerman Overpass
Robertsshire, VA 59860",DarkBlue,33.68093695,11.20156988,37.83544773,2.208813678,403.8195198
tristan@outlook.com,"01242 Stephanie Ways Suite 003
Churchville, MO 35617",MediumSeaGreen,32.0609144,12.62543264,35.53914243,5.41235784,627.6033187
mschilli@verizon.net,"354 Sanchez Wall Suite 884
Juliabury, VI 39735",DarkTurquoise,33.4310971,13.35063168,37.96597162,2.768851943,510.6617922
euice@mac.com,"4483 Jones Motorway Suite 872
Lake Jamiefurt, UT 75292",Tan,33.23765998,13.56615961,36.4179848,3.746572973,573.8474377
rjones@mac.com,"172 Owen Divide Suite 497
West Richard, CA 19320",PaleVioletRed,34.70252897,11.69573629,37.19026771,3.576525915,529.0490041
konit@aol.com,"0787 Andrews Ranch Apt. 633
South Chadburgh, TN 56128",Cornsilk,32.64677668,11.49940906,38.33257633,4.958264473,551.6201455
jonas@live.com,"680 Jennifer Lodge Apt. 808
Brendachester, TX 05000-5873",Teal,33.32250105,12.39142299,36.84008573,2.336484668,456.4695101
yangyan@yahoo.com,"49791 Rachel Heights Apt. 898
East Drewborough, OR 55919-9528",DarkMagenta,33.71598092,12.41880832,35.77101619,2.735159567,497.7786422
